1;Какие из следующих типов данных являются целочисленными в C++?;true;int;float;double;char;bool;long long;unsigned int;false;int;char;long long;unsigned int;true
2;Какой оператор используется для выделения динамической памяти под один объект в C++?;false;new;malloc;allocate;create;alloc;operator new;false;new;true
3;Какие из следующих способов являются корректными для создания константы в C++?;true;const int x = 5;#define X 5;constexpr int y = 10;int constant = 7;let z = 3;readonly int a = 1;false;const int x = 5;#define X 5;constexpr int y = 10;true
4;Какой заголовочный файл необходимо подключить для использования std::vector?;false;<vector>;<array>;<list>;<stack>;<queue>;<deque>;false;<vector>;true
5;Какие из следующих утверждений о виртуальных функциях в C++ являются верными?;true;Они обеспечивают полиморфизм времени выполнения;Их вызов разрешается на этапе компиляции;Они могут быть переопределены в производном классе;Деструктор может быть виртуальным;Конструктор может быть виртуальным;Функция friend может быть виртуальной;false;Они обеспечивают полиморфизм времени выполнения;Они могут быть переопределены в производном классе;Деструктор может быть виртуальным;true
6;Что делает оператор delete[]?;false;Освобождает память, выделенную под массив;Освобождает память под один объект;Удаляет указатель из памяти;Удаляет элемент из массива;Уничтожает все объекты в программе;false;Освобождает память, выделенную под массив;true
7;Какие из следующих элементов класса могут быть объявлены как static?;true;Переменная-член;Функция-член;Константа;Локальная переменная в методе;Указатель this;false;Переменная-член;Функция-член;Константа;true
8;Какие из следующих ключевых слов используются при обработке исключений в C++?;true;try;catch;throw;finally;except;error;noexcept;false;try;catch;throw;noexcept;true
9;Что возвращает оператор sizeof() примененный к имени типа?;false;Размер типа в байтах;Количество бит в типе;Максимальное значение типа;Адрес типа в памяти;false;Размер типа в байтах;true
10;Какие из следующих контейнеров STL являются ассоциативными?;true;std::vector;std::map;std::set;std::list;std::unordered_map;std::array;std::deque;false;std::map;std::set;std::unordered_map;true
11;Какой синтаксис используется для списка инициализации членов класса в конструкторе?;false;: member1(val1), member2(val2) {};{ member1 = val1; member2 = val2; };init: member1(val1), member2(val2);constructor(member1=val1, member2=val2) {};false;: member1(val1), member2(val2) {};true
12;Какие из следующих ситуаций приводят к неопределенному поведению (undefined behavior) в C++?;true;Разыменование нулевого указателя;Выход за границы массива;Использование неинициализированной переменной;Деление на ноль для целых чисел;Чтение из файла, который не открыт;false;Разыменование нулевого указателя;Выход за границы массива;Использование неинициализированной переменной;Деление на ноль для целых чисел;true
13;Каким образом можно предотвратить наследование от класса в C++?;false;Сделать все конструкторы приватными;Использовать ключевое слово final;Объявить деструктор как final;Сделать класс абстрактным;Использовать ключевое слово sealed;false;Использовать ключевое слово final;true
14;Что такое умный указатель std::unique_ptr?;false;Указатель, который может быть скопирован;Указатель с единоличным владением объектом;Указатель, который автоматически освобождает память;Указатель, который считает ссылки;Указатель только для массивов;false;Указатель с единоличным владением объектом;Указатель, который автоматически освобождает память;true
15;Какие из следующих операторов нельзя перегружать?;true;Оператор . (точка);Оператор -> (стрелка);Оператор sizeof;Оператор ?: (тернарный);Оператор :: (разрешения области видимости);Оператор new;Оператор delete;false;Оператор . (точка);Оператор sizeof;Оператор ?: (тернарный);Оператор :: (разрешения области видимости);true
16;Какие модификаторы доступа существуют в C++?;true;public;private;protected;internal;package;friend;false;public;private;protected;true
17;Для чего используется ключевое слово explicit в контексте конструктора?;false;Чтобы конструктор мог принимать только один аргумент;Чтобы запретить неявное преобразование типов;Чтобы сделать конструктор публичным;Чтобы разрешить копирование объекта;false;Чтобы запретить неявное преобразование типов;true